<?xml version="1.0" encoding="UTF-8"?>
<Configuration>
    <Properties>
        <Property name="LOG_PATTERN">{"logger": "%logger", "level": "%level", "msg": "%message"}%n</Property>
    </Properties>
    <Appenders>
        <Console name="Console" target="SYSTEM_OUT" follow="true">
            <PatternLayout pattern="${LOG_PATTERN}"/>
        </Console>
        <Socket name="logstash" host="100.75.29.25" port="5044" protocol="TCP">
            <PatternLayout pattern="${LOG_PATTERN}"/>
        </Socket>
    </Appenders>
    <Loggers>
        <Root level="INFO">
            <AppenderRef ref="Console"/>
            <AppenderRef ref="logstash-tcp" />
        </Root>
    </Loggers>
</Configuration>

